nome,cognome,phone,email,region,age,colore,festa_preferita
Porter,Vargas,1-269-346-1546,vargas.porter@google.edu,Basilicata,46,arancione,capOdanno
Zephania,Valdez,(451) 649-3376,z.valdez@hotmail.edu,Friuli-Venezia Giulia,48,rosso,nEssuna
Edan,Andrews,(141) 352-8562,e-andrews7168@hotmail.edu,Valle d'Aosta,49,verde,Pasqua
Kylie,Briggs,1-251-412-6038,kbriggs@hotmail.com,Lombardia,47,nero,capOdanno
Daniel,Foley,1-363-257-7597,d-foley@icloud.org,Molise,43,giallo,Pasqua
Courtney,Rosa,1-902-567-7350,rosacourtney2873@outlook.com,Basilicata,43,blu,Pasqua
Morgan,Britt,(783) 728-1742,b.morgan5051@hotmail.edu,Trentino-Alto Adige,30,grigio,Pasqua
Theodore,Key,1-821-602-4683,keytheodore@aol.org,Friuli-Venezia Giulia,39,rosa,nEssuna
Raymond,Gilmore,(566) 624-3546,raymond-gilmore@yahoo.com,Marche,25,viola,pasqueTTa
Tyler,Vasquez,(524) 356-2816,t_vasquez@yahoo.org,Abruzzo,40,rosa,Pasqua
Dieter,Porter,1-719-142-7534,dieter_porter6875@google.ca,Sardegna,28,marrone,pasqueTTa
Lee,Leblanc,1-435-742-1513,leblanc_lee@outlook.org,Calabria,25,giallo,NatalE
Indira,Roberts,(912) 771-7936,i.roberts@yahoo.couk,Trentino-Alto Adige,20,grigio,Pasqua
Ginger,Kelly,(680) 584-9736,kelly_ginger6940@icloud.couk,Lombardia,45,grigio,capOdanno
Lucy,Stuart,1-247-211-2341,stuart-lucy@protonmail.couk,Liguria,42,rosso,pasqueTTa
Eaton,Copeland,(265) 959-4324,copeland.eaton1644@google.ca,Calabria,42,nero,NatalE
Jane,Hendricks,1-369-368-3869,j_hendricks@aol.com,Molise,24,verde,Pasqua
Adrian,Pollard,1-734-715-4888,apollard@protonmail.com,Piemonte,29,viola,NatalE
Eve,Cherry,(926) 275-3134,eve_cherry@yahoo.edu,Emilia-Romagna,21,viola,Pasqua
Guy,Sandoval,(521) 869-4244,gsandoval2620@protonmail.couk,Toscana,32,verde,NatalE
Mufutau,Huber,(312) 190-1887,huber_mufutau8319@icloud.couk,Valle d'Aosta,29,giallo,Pasqua
Emerson,Stewart,(281) 714-9886,stewart_emerson1717@hotmail.ca,Veneto,30,grigio,capOdanno
Nevada,George,(787) 240-8648,nevada.george7035@protonmail.com,Emilia-Romagna,49,verde,Pasqua
Ainsley,Bernard,1-458-355-1474,bernard_ainsley@outlook.edu,Toscana,40,viola,pasqueTTa
Jermaine,Francis,1-218-472-8942,j_francis5573@google.net,Calabria,22,giallo,NatalE
Neve,Booth,1-278-321-3775,n_booth846@protonmail.edu,Lombardia,21,arancione,capOdanno
Rhona,Dominguez,(588) 448-0808,dominguez_rhona9661@yahoo.net,Emilia-Romagna,46,rosso,pasqueTTa
Aurora,Langley,1-929-444-5678,auroralangley8433@aol.org,Lombardia,39,verde,pasqueTTa
Dylan,Contreras,(678) 842-1318,contreras-dylan@hotmail.couk,Valle d'Aosta,21,marrone,Pasqua
Drake,Giles,1-246-469-5617,gilesdrake@protonmail.org,Liguria,24,arancione,capOdanno
Uta,Sweeney,1-219-813-8255,sweeney-uta4506@hotmail.edu,Basilicata,20,marrone,NatalE
Caesar,Horn,(447) 866-9567,hcaesar@icloud.couk,Puglia,24,rosso,Pasqua
Belle,Ballard,(541) 807-4633,bballard@protonmail.ca,Sicilia,34,nero,pasqueTTa
Katelyn,Ortiz,1-373-695-3514,k_ortiz@yahoo.org,Campania,36,arancione,Pasqua
Nadine,Romero,1-187-378-5421,nadine-romero5932@aol.org,Calabria,47,grigio,Pasqua
Luke,Jenkins,1-375-462-8916,jenkinsluke3015@hotmail.com,Friuli-Venezia Giulia,19,rosso,pasqueTTa
Josephine,Cline,(693) 605-4114,cline-josephine@yahoo.org,Emilia-Romagna,22,viola,capOdanno
Tamekah,Berger,(730) 767-6462,btamekah2312@outlook.org,Valle d'Aosta,23,marrone,capOdanno
Darius,Mcintosh,(958) 506-3231,dariusmcintosh6676@protonmail.ca,Sardegna,36,verde,pasqueTTa
Britanni,Perkins,1-115-420-7577,perkins.britanni7630@aol.couk,Calabria,46,verde,NatalE
Ulric,Cain,(985) 337-4589,ulriccain@aol.com,Molise,21,nero,capOdanno
Dieter,Tran,1-480-781-4590,d-tran3935@hotmail.ca,Toscana,41,verde,pasqueTTa
Keith,Vazquez,1-552-670-4124,vazquez_keith113@aol.com,Piemonte,27,grigio,pasqueTTa
Serina,Massey,1-483-336-5757,s_massey2074@outlook.net,Lazio,49,verde,Pasqua
Austin,Oneal,(461) 938-9698,a.oneal1037@hotmail.com,Abruzzo,26,nero,pasqueTTa
Abbot,Marsh,1-544-566-6469,marshabbot@protonmail.com,Calabria,25,verde,pasqueTTa
Cruz,Gilmore,(330) 141-8439,gilmore-cruz1514@protonmail.net,Piemonte,20,viola,capOdanno
George,Ruiz,(681) 577-5566,george.ruiz7604@hotmail.edu,Umbria,23,marrone,capOdanno
Selma,Koch,(522) 235-4356,kochselma@aol.com,Molise,22,nero,Pasqua
Leilani,Boone,1-915-891-3474,booneleilani4672@icloud.ca,Basilicata,31,rosso,Pasqua
Shelby,Key,(967) 536-8401,keyshelby@aol.couk,Emilia-Romagna,21,verde,pasqueTTa
Jeanette,Peck,(641) 216-1193,peck_jeanette6990@outlook.ca,Veneto,34,giallo,pasqueTTa
Tamekah,Hammond,1-548-350-1613,t-hammond@icloud.couk,Lombardia,27,rosa,pasqueTTa
Gail,Mckay,(857) 648-2621,mckay.gail@hotmail.org,Lazio,36,verde,capOdanno
John,Dunn,(824) 908-4807,j-dunn4771@google.couk,Friuli-Venezia Giulia,33,rosso,capOdanno
Brody,Reed,1-849-311-3610,rbrody@hotmail.ca,Emilia-Romagna,32,verde,capOdanno
Venus,Padilla,1-336-236-1567,padilla-venus40@protonmail.org,Basilicata,31,viola,nEssuna
Wylie,Gonzales,(502) 221-8802,gwylie@aol.net,Campania,37,grigio,Pasqua
Kylynn,Gomez,1-924-497-6557,kgomez9841@outlook.edu,Toscana,45,rosso,pasqueTTa
Noah,Rogers,1-774-900-7248,rogers.noah@outlook.couk,Abruzzo,34,arancione,NatalE
Karina,Montgomery,(422) 357-4575,kmontgomery3348@hotmail.com,Umbria,27,verde,capOdanno
Joshua,Kent,1-432-211-4012,j-kent@icloud.edu,Molise,34,viola,pasqueTTa
Quinlan,James,1-644-478-2679,qjames@protonmail.couk,Marche,36,verde,pasqueTTa
Amity,Moore,1-303-881-4282,m.amity@google.ca,Puglia,32,giallo,Pasqua
Philip,Branch,1-414-626-1324,branch_philip@yahoo.com,Veneto,41,arancione,Pasqua
Blaze,Merritt,1-695-375-4384,mblaze@hotmail.com,Friuli-Venezia Giulia,24,arancione,pasqueTTa
Camilla,Petersen,1-637-425-5634,petersen-camilla@protonmail.net,Toscana,28,verde,nEssuna
Cassidy,Warner,1-823-205-3276,warner.cassidy@hotmail.edu,Calabria,21,rosso,Pasqua
Judah,Sims,1-304-226-5970,j-sims7131@outlook.org,Calabria,21,grigio,Pasqua
Griffith,Rogers,(881) 886-7176,r_griffith@icloud.org,Puglia,37,rosa,capOdanno
Jocelyn,Russell,(251) 486-7118,rjocelyn@hotmail.ca,Veneto,35,viola,pasqueTTa
Melvin,Hebert,1-862-919-2884,melvin_hebert@outlook.edu,Sicilia,26,grigio,NatalE
Mallory,Pierce,(927) 734-4160,mpierce@protonmail.couk,Marche,36,giallo,NatalE
May,Simmons,(378) 303-6421,may_simmons5819@yahoo.com,Sardegna,38,rosa,nEssuna
Jordan,Atkinson,1-950-486-1475,a-jordan@hotmail.couk,Marche,36,grigio,capOdanno
Henry,Fernandez,1-668-298-6344,hfernandez@yahoo.edu,Emilia-Romagna,45,nero,pasqueTTa
Dennis,Chen,1-272-616-9982,chendennis7466@yahoo.edu,Calabria,28,rosso,pasqueTTa
Jane,Kirkland,(586) 332-7873,j_kirkland7752@google.com,Lombardia,26,verde,Pasqua
Beatrice,Maldonado,1-922-295-2827,b_maldonado8472@google.net,Piemonte,30,nero,pasqueTTa
Katelyn,Mcclure,1-724-435-8777,mcclurekatelyn6298@icloud.org,Puglia,27,blu,pasqueTTa
Quinn,Hooper,(208) 973-8794,q-hooper@outlook.couk,Molise,48,rosa,capOdanno
Kaye,Lee,1-448-666-0578,lee-kaye@yahoo.ca,Molise,43,giallo,Pasqua
Ralph,Casey,(932) 813-1889,casey-ralph1402@aol.org,Piemonte,49,arancione,Pasqua
Evangeline,Lang,1-247-851-8591,evangeline_lang6407@google.ca,Calabria,26,rosso,NatalE
Hilel,Hardin,(621) 653-1106,h-hilel6829@outlook.ca,Piemonte,27,grigio,Pasqua
Maxine,Everett,1-572-678-0317,maxine-everett8797@google.ca,Calabria,28,grigio,pasqueTTa
Carlos,Mckenzie,(260) 574-6112,mckenzie-carlos@outlook.com,Abruzzo,21,grigio,pasqueTTa
Logan,Kerr,(753) 341-4885,logankerr@icloud.com,Lombardia,25,rosa,pasqueTTa
Dai,Blackburn,1-548-678-3402,dblackburn3732@aol.ca,Liguria,27,giallo,NatalE
Kadeem,Acosta,1-801-677-3872,kacosta@google.com,Emilia-Romagna,50,marrone,nEssuna
Nina,Singleton,1-259-535-1156,s.nina8768@yahoo.net,Emilia-Romagna,49,giallo,NatalE
Kylan,Hill,(864) 712-8204,hillkylan@icloud.net,Lombardia,40,grigio,capOdanno
Nichole,Chavez,(184) 201-8315,n_chavez3091@hotmail.couk,Liguria,31,rosa,capOdanno
Price,Watkins,(860) 504-1981,p_watkins3679@protonmail.com,Valle d'Aosta,49,arancione,capOdanno
Virginia,Ewing,(155) 126-6589,vewing@aol.edu,Sicilia,19,viola,pasqueTTa
Adara,Cohen,1-549-216-6352,cohenadara@protonmail.com,Valle d'Aosta,42,grigio,pasqueTTa
Maggie,Acevedo,1-535-761-2358,m-acevedo@yahoo.com,Liguria,25,viola,NatalE
Cassady,Bennett,1-758-404-6531,c-bennett@outlook.org,Lazio,33,marrone,Pasqua
Alika,Delacruz,1-567-933-8773,delacruz.alika2863@yahoo.ca,Veneto,44,viola,capOdanno
Lunea,Dejesus,1-859-745-4688,luneadejesus7@yahoo.couk,Lombardia,29,blu,NatalE
Brian,Chavez,(206) 657-3544,chavez-brian@outlook.com,Lombardia,38,nero,Pasqua
Matthew,Garza,(250) 440-8918,garza-matthew8723@google.ca,Puglia,40,giallo,capOdanno
Timon,Robbins,(535) 301-5180,trobbins1023@outlook.edu,Trentino-Alto Adige,20,viola,capOdanno
Madonna,Herman,(448) 526-7340,herman_madonna7246@icloud.edu,Molise,40,marrone,NatalE
Cooper,Lindsey,(802) 874-5813,lindsey-cooper5309@icloud.couk,Lombardia,29,rosso,Pasqua
Harlan,Dillon,1-880-333-6956,h.dillon@aol.edu,Lazio,33,verde,NatalE
Zeph,Ray,(286) 338-9856,ray_zeph@outlook.com,Trentino-Alto Adige,22,rosso,pasqueTTa
Lyle,Jones,1-788-751-4376,l_jones1651@google.org,Sicilia,37,nero,Pasqua
Cassady,Bishop,(814) 245-1307,bishop-cassady@google.ca,Basilicata,19,verde,pasqueTTa
Destiny,Rivas,1-192-586-6615,d.rivas@yahoo.com,Sicilia,47,verde,Pasqua
Ria,Norton,(353) 516-9359,n-ria9867@yahoo.couk,Basilicata,43,rosa,nEssuna
Althea,Simmons,1-206-584-4523,s_althea@yahoo.edu,Abruzzo,39,verde,nEssuna
Ori,Burns,(465) 169-9826,ori_burns7047@protonmail.net,Valle d'Aosta,48,rosa,Pasqua
Robert,Mcfadden,(307) 627-9389,robertmcfadden@hotmail.edu,Emilia-Romagna,40,arancione,Pasqua
Branden,Curry,(837) 416-4346,b-curry@yahoo.org,Abruzzo,27,viola,capOdanno
Ferris,Kane,1-121-932-5260,kane_ferris@yahoo.ca,Calabria,21,nero,Pasqua
Dean,Gentry,1-349-354-7975,d_gentry@yahoo.ca,Veneto,21,giallo,Pasqua
Kessie,Hood,(203) 802-4496,hood_kessie5561@hotmail.com,Valle d'Aosta,47,marrone,nEssuna
Jelani,Sullivan,(277) 442-7474,sjelani@outlook.net,Toscana,18,rosso,Pasqua
Lars,Byrd,(233) 885-2461,lbyrd@yahoo.com,Lazio,21,rosso,Pasqua
Daryl,Frank,1-706-972-2310,d_frank8776@protonmail.net,Abruzzo,28,verde,Pasqua
Camden,Ramos,(228) 540-8755,camden_ramos206@google.net,Valle d'Aosta,29,rosso,pasqueTTa
Wynne,Gardner,1-245-477-2488,gardner-wynne3912@hotmail.ca,Piemonte,47,nero,NatalE
Scarlet,Merritt,(965) 589-6716,m_scarlet@yahoo.edu,Trentino-Alto Adige,30,giallo,capOdanno
Kaseem,Mccullough,1-312-613-0880,kmccullough@outlook.com,Marche,39,marrone,pasqueTTa
Lee,Church,(878) 833-4781,lee-church326@hotmail.net,Valle d'Aosta,49,arancione,pasqueTTa
Whilemina,Kline,(981) 454-6623,w-kline@yahoo.org,Calabria,19,rosa,nEssuna
Wynter,Bush,(732) 923-1312,bush_wynter@icloud.edu,Lazio,24,nero,NatalE
Yvette,Peters,(984) 356-7834,peters_yvette531@google.com,Sicilia,41,arancione,capOdanno
Dorian,Lynch,(517) 472-9771,l.dorian3251@aol.com,Campania,41,rosa,Pasqua
Victoria,Mcmillan,1-174-732-1912,v-mcmillan@protonmail.edu,Piemonte,47,nero,nEssuna
Hunter,Byrd,1-463-232-0596,bhunter2493@hotmail.edu,Lazio,19,rosa,Pasqua
Rama,Kelley,(365) 473-3201,r_kelley@protonmail.net,Campania,35,marrone,capOdanno
Simon,Sears,(666) 858-2353,simon_sears@protonmail.org,Valle d'Aosta,28,verde,pasqueTTa
Hiroko,Mclaughlin,1-528-807-7128,h.mclaughlin@outlook.net,Molise,43,giallo,Pasqua
Mannix,Lowery,(156) 316-8854,mannixlowery@google.com,Toscana,22,rosso,pasqueTTa
Hunter,Mckee,1-774-921-9270,h-mckee2391@yahoo.edu,Abruzzo,42,rosso,NatalE
Ross,Hines,1-433-644-7282,r_hines8292@icloud.net,Liguria,39,nero,pasqueTTa
Joshua,Goodwin,1-336-731-9605,j_goodwin@hotmail.com,Emilia-Romagna,47,marrone,nEssuna
Zelenia,Mcclure,1-814-742-7335,mcclure_zelenia@google.edu,Abruzzo,25,nero,pasqueTTa
Dominique,Pratt,(877) 180-3565,d_pratt8212@yahoo.net,Piemonte,32,rosa,capOdanno
Hyatt,Snyder,(525) 501-5106,snyderhyatt9246@hotmail.couk,Piemonte,19,rosa,nEssuna
Serena,Cash,1-226-826-4889,cashserena@hotmail.ca,Toscana,47,verde,Pasqua
Akeem,Riddle,1-624-827-4262,akeem-riddle@outlook.com,Marche,35,viola,capOdanno
Ross,Witt,1-616-619-3383,r-witt1503@yahoo.couk,Marche,46,arancione,pasqueTTa
Marshall,Bradshaw,1-194-132-4184,marshallbradshaw@icloud.ca,Puglia,30,rosso,capOdanno
Graham,Vaughan,1-644-527-2637,vgraham@outlook.couk,Trentino-Alto Adige,34,arancione,Pasqua
Bree,Martin,1-347-238-7151,m.bree9811@outlook.com,Puglia,27,grigio,nEssuna
Odessa,Mitchell,1-285-621-1686,m.odessa@google.ca,Emilia-Romagna,32,grigio,capOdanno
Lucian,Mccall,1-185-906-8076,lmccall@icloud.org,Marche,22,viola,Pasqua
Medge,Sutton,1-886-301-3599,sutton_medge@hotmail.com,Umbria,39,rosa,NatalE
Carlos,Bender,1-479-449-7608,c.bender8521@hotmail.couk,Abruzzo,50,grigio,Pasqua
Cecilia,Beck,1-846-614-3428,beckcecilia4035@yahoo.edu,Marche,27,giallo,capOdanno
Pearl,Frost,1-860-738-6277,pearl_frost@google.edu,Basilicata,44,arancione,Pasqua
Ayanna,Forbes,1-275-258-4337,ayannaforbes2025@aol.com,Valle d'Aosta,43,arancione,Pasqua
Kadeem,Patton,1-146-926-1474,pattonkadeem@yahoo.ca,Basilicata,21,nero,Pasqua
Daphne,Graham,(198) 506-1612,d-graham@aol.org,Molise,39,rosso,Pasqua
Devin,Maldonado,(175) 667-8116,d_maldonado@hotmail.edu,Calabria,46,verde,capOdanno
Olga,Hodges,(834) 316-3368,ohodges@icloud.edu,Puglia,34,giallo,capOdanno
Tanner,Patton,(269) 867-2095,tannerpatton@protonmail.com,Emilia-Romagna,23,rosa,capOdanno
Nayda,Clark,(253) 432-8382,naydaclark@protonmail.edu,Abruzzo,41,blu,pasqueTTa
Briar,Little,(374) 715-4456,little-briar@yahoo.com,Toscana,47,marrone,pasqueTTa
Dolan,Mccullough,1-716-178-1896,dmccullough@google.org,Marche,48,rosa,Pasqua
Myles,Becker,1-113-863-8976,m.becker1421@hotmail.couk,Sicilia,21,giallo,NatalE
Carissa,Acosta,1-144-161-3841,carissa-acosta2735@icloud.ca,Veneto,28,verde,pasqueTTa
Lionel,Middleton,1-489-281-1410,l.middleton@icloud.net,Trentino-Alto Adige,43,verde,NatalE
Cullen,Villarreal,(998) 904-4775,cullen_villarreal@hotmail.ca,Lazio,23,rosso,Pasqua
Nicholas,Bradford,1-506-247-2158,bnicholas295@yahoo.com,Sardegna,32,viola,nEssuna
Palmer,Bauer,(856) 770-6765,bauer.palmer1570@google.edu,Lombardia,29,rosso,Pasqua
Zorita,Hardin,(511) 588-6815,z-hardin3396@google.ca,Emilia-Romagna,42,arancione,Pasqua
Savannah,Graves,(226) 534-0354,graves.savannah9123@icloud.ca,Veneto,36,grigio,NatalE
Clark,Alvarado,(337) 857-5631,alvaradoclark@yahoo.couk,Puglia,22,viola,Pasqua
Simone,Mcbride,1-758-365-1002,s.mcbride1328@hotmail.org,Abruzzo,32,rosso,Pasqua
Fallon,Carver,1-653-661-1286,carver_fallon@google.edu,Molise,22,giallo,nEssuna
Gabriel,Robles,(182) 775-4370,roblesgabriel3999@outlook.net,Puglia,26,arancione,capOdanno
Bo,Keller,1-184-575-5711,keller_bo8734@protonmail.edu,Calabria,41,marrone,capOdanno
Kalia,Burks,1-475-146-6126,burks-kalia@aol.net,Sardegna,41,grigio,Pasqua
Lila,Sykes,1-822-358-4178,slila9417@outlook.couk,Valle d'Aosta,33,nero,nEssuna
Orlando,Orr,(668) 391-4383,orlando.orr8178@google.ca,Calabria,49,marrone,nEssuna
Marshall,Finley,1-217-534-7402,fmarshall@outlook.com,Friuli-Venezia Giulia,39,viola,capOdanno
Gail,Ayers,(715) 416-5044,gail.ayers706@outlook.org,Campania,38,verde,NatalE
Igor,Vaughn,(722) 964-3583,igor-vaughn@yahoo.edu,Lombardia,47,giallo,nEssuna
Jermaine,Faulkner,(949) 372-3541,j_faulkner2156@yahoo.couk,Trentino-Alto Adige,31,verde,nEssuna
Patrick,Turner,1-556-398-7563,p_turner9744@google.net,Basilicata,23,rosso,NatalE
Dorian,Dorsey,(982) 808-3122,ddorsey@hotmail.org,Abruzzo,36,nero,capOdanno
Michael,Franco,1-736-263-6828,f-michael@icloud.ca,Veneto,42,giallo,pasqueTTa
Abdul,Martinez,1-251-764-7890,a.martinez@hotmail.ca,Marche,43,rosa,pasqueTTa
Signe,Booker,(569) 759-0360,b.signe@yahoo.org,Sardegna,23,marrone,NatalE
Philip,Day,(368) 435-7362,p-day3296@aol.net,Sicilia,43,marrone,Pasqua
Howard,Church,(512) 897-1452,h_church9057@outlook.net,Valle d'Aosta,44,viola,capOdanno
Claire,Rowe,1-554-530-1737,rowe-claire8367@protonmail.edu,Liguria,23,giallo,Pasqua
Anthony,Ramirez,1-343-771-3219,ramirezanthony@hotmail.edu,Umbria,46,marrone,capOdanno
Kirsten,Garrison,(468) 133-8486,garrison-kirsten958@aol.couk,Marche,36,viola,capOdanno
Alan,Gregory,(817) 483-8714,gregory.alan5531@yahoo.couk,Valle d'Aosta,35,giallo,pasqueTTa
Bruno,Serrano,1-724-507-1464,bruno.serrano@yahoo.com,Friuli-Venezia Giulia,23,grigio,pasqueTTa
Medge,Ballard,1-426-780-9363,b-medge@aol.net,Liguria,28,giallo,pasqueTTa
Keane,Glenn,1-574-779-8159,g.keane@protonmail.com,Toscana,30,rosso,pasqueTTa
Amery,Farley,(327) 628-1453,afarley5502@hotmail.org,Puglia,29,rosso,NatalE
Ashton,Battle,1-325-334-2094,b.ashton6870@google.net,Campania,22,nero,Pasqua
Melanie,Hogan,(552) 389-2025,h_melanie@outlook.com,Emilia-Romagna,30,rosa,NatalE
Molly,Ortiz,(582) 128-1617,m_ortiz1276@aol.net,Puglia,39,blu,pasqueTTa
Holmes,Barron,1-727-635-3833,barron.holmes@yahoo.org,Friuli-Venezia Giulia,29,marrone,Pasqua
Rana,Mcguire,1-274-473-4881,mcguire-rana@protonmail.couk,Trentino-Alto Adige,47,blu,Pasqua
Rachel,Humphrey,1-275-916-6165,hrachel5492@icloud.edu,Trentino-Alto Adige,35,rosso,capOdanno
Eliana,Mcdowell,(386) 483-8660,eliana-mcdowell@aol.couk,Piemonte,41,grigio,capOdanno
Keaton,Sanford,(735) 636-5292,sanford-keaton@outlook.net,Marche,47,giallo,Pasqua
Castor,Garner,1-929-814-5269,g.castor6169@aol.edu,Veneto,48,verde,capOdanno
Kiayada,Watson,(885) 610-3123,watson-kiayada@google.couk,Sardegna,32,grigio,capOdanno
Alan,Fischer,(574) 530-4668,a.fischer@yahoo.couk,Emilia-Romagna,30,viola,pasqueTTa
Stuart,Giles,1-344-896-4912,sgiles@protonmail.com,Friuli-Venezia Giulia,50,rosso,Pasqua
Richard,Hutchinson,(851) 175-0708,r-hutchinson7407@aol.net,Basilicata,22,grigio,pasqueTTa
Darius,Middleton,1-548-921-9436,dmiddleton2187@protonmail.org,Sicilia,23,marrone,Pasqua
Alma,Rosario,1-647-578-8483,ralma9456@protonmail.net,Liguria,28,rosa,NatalE
Melvin,Kirby,(385) 475-1568,kirby_melvin6261@outlook.org,Toscana,23,marrone,pasqueTTa
Seth,Olson,(212) 836-3138,olson_seth2900@yahoo.edu,Trentino-Alto Adige,30,blu,capOdanno
Britanni,Romero,1-792-200-4475,romero-britanni7318@yahoo.ca,Veneto,38,marrone,capOdanno
Karyn,Dillard,1-746-525-3010,d-karyn381@icloud.org,Lazio,25,verde,nEssuna
Wallace,Shelton,(381) 754-4230,w-shelton3509@aol.edu,Marche,27,giallo,NatalE
Katelyn,O'donnell,(662) 321-7894,odonnell-katelyn@google.edu,Lazio,49,rosso,Pasqua
Ebony,Tucker,1-887-985-5651,tucker_ebony@aol.com,Campania,33,verde,Pasqua
Carter,Castillo,1-654-212-0264,carter.castillo6281@protonmail.com,Veneto,44,grigio,nEssuna
Graiden,Thompson,1-127-872-7102,thompson-graiden@icloud.org,Basilicata,25,grigio,capOdanno
Wade,Contreras,1-716-497-3991,w.contreras6461@aol.net,Basilicata,28,marrone,NatalE
Carl,Galloway,1-469-332-2647,carl-galloway4908@yahoo.org,Sardegna,22,arancione,pasqueTTa
Ramona,Reid,(666) 366-1843,r_reid@outlook.org,Lazio,23,verde,Pasqua
Nayda,Thornton,(503) 163-1514,thornton-nayda@hotmail.ca,Friuli-Venezia Giulia,44,rosso,Pasqua
Sara,Mccray,(233) 313-4016,mccray.sara@icloud.ca,Campania,33,viola,Pasqua
Mark,Blankenship,1-776-831-9808,mark.blankenship@aol.org,Umbria,25,arancione,nEssuna
Aimee,Franklin,(896) 379-1222,f_aimee1326@hotmail.edu,Umbria,39,marrone,capOdanno
Kimberley,Mcfarland,(687) 223-6277,mcfarlandkimberley5410@icloud.org,Veneto,35,rosa,Pasqua
Tatiana,Villarreal,(232) 609-3035,v.tatiana@yahoo.com,Toscana,47,blu,pasqueTTa
Hoyt,Cherry,1-567-883-5940,cherry-hoyt@yahoo.edu,Piemonte,42,verde,Pasqua
Rhona,Branch,1-253-673-4441,b.rhona@hotmail.net,Puglia,22,verde,NatalE
Willa,Tucker,(276) 476-9115,tucker-willa@outlook.ca,Lazio,23,rosa,Pasqua
Sarah,Norton,(998) 218-6332,norton-sarah8344@icloud.couk,Friuli-Venezia Giulia,24,rosso,capOdanno
Lynn,Maynard,(384) 555-1538,maynard.lynn@icloud.couk,Piemonte,31,viola,Pasqua
Erich,Romero,(488) 289-6665,romero.erich@google.edu,Abruzzo,36,blu,Pasqua
Jada,Boyd,(537) 856-1539,jada.boyd2965@protonmail.com,Molise,48,arancione,Pasqua
Kato,Hewitt,1-763-788-6786,hewitt_kato8530@aol.com,Sicilia,38,giallo,capOdanno
Phillip,Hoover,(431) 613-1892,h-phillip751@yahoo.org,Liguria,39,marrone,NatalE
Boris,Sandoval,(231) 667-6187,b.sandoval@outlook.ca,Sardegna,48,verde,capOdanno
Silas,Robbins,1-492-925-8794,robbins_silas@yahoo.com,Piemonte,46,rosa,nEssuna
Vanna,Mueller,1-164-435-5856,m.vanna@google.couk,Campania,26,nero,pasqueTTa
Evelyn,Grant,(457) 978-4218,e.grant@google.org,Umbria,23,viola,Pasqua
Jerry,Mills,(233) 733-1354,j_mills@outlook.couk,Lombardia,40,blu,capOdanno
Oscar,Decker,1-823-680-5113,deckeroscar3863@aol.net,Lazio,19,nero,capOdanno
Axel,Rivas,(114) 520-5081,r-axel@google.edu,Sardegna,27,arancione,capOdanno
Claudia,Huff,(106) 529-2682,claudiahuff3589@icloud.org,Liguria,19,rosso,NatalE
Knox,Thomas,1-319-628-7755,knox.thomas@yahoo.com,Umbria,25,nero,NatalE
Rinah,Wells,1-991-362-5452,r-wells2833@icloud.net,Lazio,38,grigio,NatalE
Amos,Dodson,1-533-864-0155,adodson@google.org,Friuli-Venezia Giulia,36,viola,NatalE
Rinah,Sims,(642) 251-8566,sims.rinah@protonmail.net,Veneto,20,rosa,nEssuna
James,Baldwin,(551) 591-2458,james_baldwin@hotmail.edu,Abruzzo,19,rosso,nEssuna
Ross,Holloway,(934) 183-6648,r_holloway@aol.com,Marche,29,arancione,capOdanno
Guy,Diaz,1-545-734-5938,g-diaz@aol.net,Valle d'Aosta,36,marrone,NatalE
Macon,Murray,1-192-186-5827,macon.murray@google.net,Campania,48,grigio,capOdanno
Noble,Valencia,1-253-880-2631,n_valencia9301@outlook.org,Sardegna,49,rosa,Pasqua
Mia,Sims,(471) 521-8731,mia.sims@outlook.com,Abruzzo,36,rosa,pasqueTTa
Carol,Holman,1-735-474-5452,c-holman@aol.net,Abruzzo,32,viola,Pasqua
Ryder,Chang,1-866-223-6474,r.chang@protonmail.ca,Molise,33,verde,capOdanno
Ivan,Sweeney,(483) 492-2423,ivansweeney7542@google.couk,Puglia,30,nero,capOdanno
Rebecca,Mills,(428) 143-8272,r_mills@hotmail.net,Sardegna,34,giallo,Pasqua
Roanna,Boyd,(395) 724-1854,r-boyd5449@hotmail.com,Abruzzo,31,viola,Pasqua
Lyle,Brock,1-527-343-3140,l.brock@yahoo.ca,Basilicata,34,rosa,pasqueTTa
Shelley,Blair,1-261-813-4386,sblair1424@protonmail.edu,Veneto,38,arancione,pasqueTTa
Inga,Warner,1-936-563-3587,winga@aol.net,Calabria,49,rosa,capOdanno
Alisa,Mcintosh,(972) 868-1762,malisa@aol.org,Molise,48,nero,capOdanno
Britanni,Tate,(542) 711-8283,tate.britanni8493@google.com,Toscana,33,blu,pasqueTTa
Ulysses,Morse,1-385-256-8351,morse_ulysses2834@outlook.net,Toscana,46,arancione,capOdanno
Mikayla,Day,(456) 319-7294,dmikayla852@outlook.ca,Veneto,24,marrone,capOdanno
Fatima,Winters,(540) 861-2663,wintersfatima@aol.net,Sardegna,49,viola,Pasqua
Silas,Spencer,1-612-448-1404,spencer_silas9165@google.edu,Basilicata,30,arancione,NatalE
Paki,Joyce,1-941-843-6857,pjoyce@aol.couk,Liguria,19,verde,NatalE
Norman,Sherman,(884) 249-7361,s-norman@hotmail.edu,Emilia-Romagna,43,grigio,NatalE
Tanya,Fleming,1-685-470-4947,t.fleming1606@protonmail.couk,Abruzzo,27,viola,Pasqua
Lamar,Garrett,1-102-467-8048,garrett.lamar8860@google.couk,Valle d'Aosta,25,nero,pasqueTTa
Winter,Frank,1-716-314-2496,f_winter1881@protonmail.edu,Friuli-Venezia Giulia,31,arancione,capOdanno
Burke,Wolfe,(380) 519-0412,burke_wolfe@aol.couk,Basilicata,35,giallo,nEssuna
Burton,Mcfarland,(847) 470-9298,bmcfarland@protonmail.ca,Marche,21,blu,capOdanno
Melinda,Burnett,1-858-413-1688,burnett_melinda@aol.ca,Calabria,36,arancione,capOdanno
Kadeem,Humphrey,1-762-144-3610,kadeem.humphrey2451@yahoo.org,Molise,45,nero,NatalE
Ronan,Colon,1-966-303-2162,r-colon@outlook.edu,Emilia-Romagna,36,viola,pasqueTTa
Hall,Townsend,1-168-249-7482,h_townsend5025@google.com,Abruzzo,42,verde,NatalE
Reagan,Levy,(638) 475-1758,levy-reagan657@icloud.com,Friuli-Venezia Giulia,26,rosa,Pasqua
Zane,Mckenzie,(614) 108-7367,mckenzie.zane5607@yahoo.org,Puglia,25,viola,Pasqua
Slade,Martinez,(477) 651-3564,smartinez4400@yahoo.couk,Sicilia,46,viola,NatalE
Lenore,Simpson,1-815-115-6882,simpsonlenore2373@google.edu,Toscana,49,arancione,pasqueTTa
Ingrid,Silva,1-972-442-6956,ingrid_silva@protonmail.org,Campania,20,verde,pasqueTTa
Ezekiel,Puckett,(476) 866-6130,ezekiel-puckett@aol.couk,Molise,37,verde,nEssuna
Kyle,White,1-640-361-4759,k.white830@icloud.edu,Trentino-Alto Adige,33,blu,Pasqua
Reuben,Stephenson,1-542-561-3784,stephenson-reuben5549@hotmail.edu,Puglia,25,verde,NatalE
Alfonso,Castro,(353) 163-5335,alfonso-castro3858@outlook.org,Piemonte,39,giallo,pasqueTTa
Dorothy,Spears,(512) 737-0648,d_spears@hotmail.couk,Veneto,47,viola,pasqueTTa
Moana,Trevino,1-652-535-1007,trevinomoana6152@google.com,Umbria,19,viola,capOdanno
Sharon,Merritt,(664) 312-6170,sharonmerritt@aol.net,Calabria,28,verde,pasqueTTa
Randall,Watts,1-263-284-6365,watts-randall@google.ca,Sardegna,45,blu,Pasqua
Judith,Weiss,1-481-255-1252,j_weiss@aol.ca,Basilicata,22,nero,nEssuna
Gavin,Head,(525) 250-8035,head-gavin2308@outlook.net,Friuli-Venezia Giulia,36,arancione,Pasqua
Thane,Mooney,(756) 334-5362,thanemooney1343@protonmail.net,Piemonte,34,arancione,pasqueTTa
April,Doyle,(793) 823-7140,doyle_april1945@protonmail.org,Sicilia,32,nero,Pasqua
Derek,Lowery,(372) 743-7172,loweryderek7593@google.ca,Piemonte,20,rosso,nEssuna
Theodore,Riggs,1-841-880-2151,theodoreriggs@protonmail.ca,Molise,48,verde,pasqueTTa
Alden,Houston,(848) 610-2381,a-houston5152@aol.net,Abruzzo,34,verde,Pasqua
Vladimir,Osborn,1-952-884-0396,v-osborn7926@outlook.ca,Basilicata,39,marrone,NatalE
Danielle,Larson,(232) 242-8958,danielle_larson@icloud.com,Piemonte,44,grigio,nEssuna
Brody,Conner,(278) 625-0990,b.conner@aol.ca,Trentino-Alto Adige,28,rosa,NatalE
Skyler,Lara,1-411-865-4106,lara.skyler@icloud.org,Valle d'Aosta,26,verde,Pasqua
Sonya,Underwood,(361) 542-1821,underwood.sonya1900@hotmail.org,Piemonte,30,verde,nEssuna
Juliet,Skinner,(724) 354-4288,julietskinner@aol.edu,Lazio,48,verde,nEssuna
Jasmine,Jacobson,1-327-152-8815,jacobson-jasmine@yahoo.com,Umbria,30,nero,pasqueTTa
Kibo,Baxter,(992) 646-9498,baxterkibo6912@yahoo.net,Trentino-Alto Adige,23,arancione,capOdanno
Brent,Sparks,(486) 448-9652,sparks.brent@icloud.edu,Basilicata,38,giallo,pasqueTTa
Fitzgerald,Gilbert,1-737-335-9291,fitzgerald_gilbert@google.couk,Abruzzo,50,giallo,capOdanno
Lacey,Martin,(359) 885-5723,martin_lacey659@outlook.couk,Calabria,32,marrone,nEssuna
Neville,Haley,1-310-575-1185,haley_neville5869@yahoo.com,Emilia-Romagna,49,marrone,capOdanno
Philip,Ingram,(618) 238-2030,p_ingram1335@protonmail.com,Valle d'Aosta,43,rosso,nEssuna
Oren,Juarez,1-248-643-4334,j_oren@aol.ca,Calabria,46,viola,Pasqua
Neil,Maynard,1-802-212-0470,nmaynard3003@aol.net,Trentino-Alto Adige,48,rosa,Pasqua
Xyla,Melendez,1-404-216-4553,melendez-xyla@protonmail.com,Toscana,25,grigio,capOdanno
Kane,Spears,(623) 487-6491,spears.kane@google.com,Sicilia,38,giallo,NatalE
Irma,Wheeler,(841) 818-3228,i-wheeler@aol.ca,Sicilia,19,rosso,NatalE
Kyla,Rhodes,1-217-234-5793,kyla.rhodes681@yahoo.ca,Valle d'Aosta,33,nero,NatalE
Callum,Griffin,(586) 714-5077,griffincallum6288@icloud.com,Marche,30,arancione,Pasqua
Vance,Frye,1-512-832-7656,frye-vance3209@google.com,Campania,23,giallo,nEssuna
Isadora,Holman,(673) 274-6657,i-holman9619@protonmail.com,Veneto,35,viola,NatalE
Alexis,Castaneda,(152) 827-7466,a.castaneda@icloud.edu,Basilicata,33,rosso,Pasqua
Cole,Christian,(176) 433-0822,c.cole@google.couk,Puglia,35,rosso,pasqueTTa
Marvin,Richard,1-921-225-6198,marvin_richard6158@google.org,Valle d'Aosta,40,arancione,Pasqua
Galena,Cortez,(877) 970-0517,c-galena@outlook.ca,Calabria,36,verde,pasqueTTa
Kathleen,Becker,(954) 573-2937,kathleen_becker@aol.com,Friuli-Venezia Giulia,23,rosa,nEssuna
Reece,Morrow,1-511-576-6484,rmorrow@outlook.org,Trentino-Alto Adige,40,verde,pasqueTTa
Joelle,Rodgers,1-690-984-0092,rodgers.joelle6084@google.couk,Molise,48,grigio,pasqueTTa
Ria,Phillips,1-908-916-2021,r-phillips@outlook.org,Piemonte,33,nero,Pasqua
Ariana,Graham,(745) 226-1634,ariana-graham@protonmail.couk,Lombardia,47,verde,capOdanno
Dieter,Dunlap,(304) 893-1735,dieterdunlap@hotmail.edu,Basilicata,30,grigio,NatalE
Joel,Wynn,(513) 877-7981,j-wynn@aol.com,Emilia-Romagna,19,rosa,pasqueTTa
Darryl,Carpenter,1-276-778-2634,dcarpenter@aol.ca,Puglia,39,viola,Pasqua
Grace,Cohen,1-848-451-0029,g.cohen@protonmail.ca,Veneto,41,marrone,pasqueTTa
Cruz,Collins,(721) 569-8153,cruzcollins@google.com,Marche,32,grigio,Pasqua
Dennis,Wilder,(532) 534-4338,d.wilder@yahoo.net,Sardegna,45,nero,pasqueTTa
Zachery,Benson,1-911-598-2767,zachery-benson7335@protonmail.org,Sicilia,35,rosso,pasqueTTa
Grant,Larsen,1-215-733-9405,g-larsen1800@yahoo.ca,Campania,26,giallo,pasqueTTa
Dolan,Le,1-488-788-1256,le_dolan@google.net,Emilia-Romagna,24,verde,pasqueTTa
Martin,Patton,1-269-731-7774,m.patton@protonmail.ca,Piemonte,38,marrone,NatalE
Zane,Hartman,1-823-596-4543,hartman-zane4118@outlook.ca,Trentino-Alto Adige,40,viola,capOdanno
Clayton,Cummings,1-343-438-4161,clayton.cummings6304@yahoo.com,Sardegna,32,giallo,capOdanno
Aristotle,Leon,1-621-648-4955,leon-aristotle@aol.com,Trentino-Alto Adige,34,verde,capOdanno
Deacon,Alexander,1-512-791-2322,dalexander@outlook.org,Valle d'Aosta,39,grigio,Pasqua
Jamal,Delaney,1-110-565-6832,delaney.jamal6188@protonmail.edu,Veneto,31,blu,capOdanno
Prescott,Nguyen,1-213-663-3542,pnguyen@yahoo.couk,Umbria,21,viola,NatalE
Zeus,Weber,(968) 356-2656,weberzeus2107@aol.org,Valle d'Aosta,43,arancione,Pasqua
Marah,Head,1-160-715-9605,h.marah6117@hotmail.edu,Sicilia,30,verde,capOdanno
Nicholas,Gould,(519) 336-2765,n.gould6858@icloud.org,Molise,48,verde,capOdanno
Keefe,Gallegos,(405) 871-3200,gallegos-keefe8736@hotmail.net,Toscana,29,nero,Pasqua
Constance,Santos,1-573-850-9364,santosconstance9819@google.ca,Basilicata,24,nero,capOdanno
Hilary,Mcpherson,(801) 893-7413,mcpherson.hilary6112@google.org,Valle d'Aosta,34,viola,NatalE
Urielle,George,1-928-777-1675,urielle.george@hotmail.com,Puglia,40,verde,NatalE
Danielle,Perry,(492) 562-7261,p.danielle@yahoo.com,Puglia,26,rosso,pasqueTTa
Rana,Emerson,1-333-588-4225,r-emerson@yahoo.ca,Marche,21,viola,NatalE
Rama,Mccormick,1-513-484-3432,mrama@icloud.net,Abruzzo,48,rosa,capOdanno
Elijah,Odom,(178) 777-1698,o.elijah9392@icloud.org,Molise,23,rosso,NatalE
Tara,Griffith,1-798-787-7697,g_tara@yahoo.ca,Campania,36,marrone,pasqueTTa
Aladdin,Johnston,(644) 437-5944,a.johnston@icloud.org,Friuli-Venezia Giulia,44,arancione,capOdanno
Aiko,Ward,1-262-927-7198,w-aiko4786@google.net,Friuli-Venezia Giulia,43,verde,NatalE
Kieran,Higgins,1-302-603-0647,h-kieran3071@aol.org,Liguria,41,arancione,pasqueTTa
Baxter,Vincent,1-481-724-4424,bvincent7532@protonmail.net,Basilicata,19,marrone,capOdanno
Peter,Vazquez,1-562-584-0213,vazquez-peter7206@hotmail.ca,Campania,38,rosa,nEssuna
Yardley,Dunn,(578) 223-3469,dunn_yardley4272@yahoo.edu,Sicilia,45,blu,Pasqua
Declan,Dalton,1-498-567-2655,declan_dalton8830@protonmail.couk,Liguria,22,grigio,NatalE
Davis,Leonard,1-877-434-3331,davisleonard8519@hotmail.ca,Lazio,22,arancione,capOdanno
Callie,Armstrong,1-420-391-8753,a.callie8056@aol.net,Friuli-Venezia Giulia,33,viola,nEssuna
Hammett,Coffey,(646) 712-0863,coffey_hammett3579@protonmail.couk,Calabria,45,blu,NatalE
Darryl,Doyle,(416) 724-9019,darryl_doyle@aol.com,Puglia,41,arancione,NatalE
Maxine,Fry,1-283-984-9612,fry.maxine@outlook.net,Trentino-Alto Adige,45,viola,Pasqua
Stacy,Kelley,1-148-626-3204,s.kelley6508@google.couk,Lombardia,43,giallo,NatalE
Grace,Farmer,(480) 252-1227,fgrace8282@yahoo.couk,Veneto,19,arancione,Pasqua
Mara,Pace,1-913-240-1578,pace_mara210@google.com,Valle d'Aosta,37,viola,nEssuna
Libby,Padilla,(299) 401-5998,l-padilla5378@aol.couk,Calabria,32,verde,pasqueTTa
Naida,Mcbride,(828) 528-1493,mcbridenaida134@hotmail.net,Campania,40,viola,pasqueTTa
Talon,Hunt,(861) 420-7007,talon_hunt6440@hotmail.com,Sardegna,23,marrone,Pasqua
Kylynn,Robertson,(669) 362-1359,krobertson9701@icloud.edu,Calabria,31,verde,pasqueTTa
Colette,Henderson,(716) 645-0916,chenderson@yahoo.org,Valle d'Aosta,28,rosso,pasqueTTa
Benjamin,Hughes,1-163-103-6957,hughes-benjamin@outlook.org,Piemonte,33,rosa,capOdanno
Rudyard,Mcgowan,1-323-481-2588,mcgowanrudyard@aol.net,Basilicata,21,marrone,pasqueTTa
Yoko,Norton,(127) 655-7898,n-yoko1400@outlook.org,Lazio,44,nero,capOdanno
Orli,Nieves,(550) 627-3227,o-nieves6832@hotmail.net,Toscana,39,blu,NatalE
Noelle,Crosby,(868) 618-4271,crosby-noelle@hotmail.net,Campania,28,grigio,capOdanno
Amela,Erickson,1-209-895-3340,erickson_amela@hotmail.com,Marche,22,grigio,capOdanno
Bruce,Haney,(444) 825-5646,b.haney@yahoo.net,Lazio,33,arancione,Pasqua
Emerald,Rosario,1-114-588-5672,rosario-emerald2534@hotmail.com,Campania,47,rosa,capOdanno
Lionel,Herman,1-775-385-1626,lherman@icloud.net,Molise,40,marrone,NatalE
Angelica,Wolfe,(545) 816-1875,awolfe@outlook.ca,Liguria,32,verde,nEssuna
Tate,Horton,(253) 614-2157,tatehorton5814@yahoo.couk,Valle d'Aosta,18,rosa,capOdanno
Sophia,Mercado,(763) 329-2175,s_mercado2589@google.edu,Trentino-Alto Adige,27,rosa,pasqueTTa
Vladimir,Winters,1-666-520-4893,w-vladimir9332@icloud.com,Campania,24,rosa,Pasqua
Buckminster,Arnold,1-412-697-7338,arnold.buckminster@aol.ca,Friuli-Venezia Giulia,33,arancione,pasqueTTa
Iona,Stevenson,(818) 896-5233,stevenson.iona@yahoo.couk,Molise,47,viola,nEssuna
Branden,Estrada,(448) 845-6647,estradabranden@protonmail.ca,Sardegna,36,grigio,NatalE
Mari,Landry,1-416-491-7886,landry_mari@aol.ca,Sardegna,42,rosa,pasqueTTa
Grant,Fitzgerald,(455) 919-5644,grant.fitzgerald@icloud.com,Veneto,26,blu,pasqueTTa
Jocelyn,Norton,(543) 801-4210,nortonjocelyn8317@hotmail.edu,Sardegna,41,rosa,nEssuna
Ezra,Dixon,1-134-856-1632,dixon-ezra@outlook.edu,Valle d'Aosta,47,rosso,capOdanno
Phillip,Franklin,(687) 952-7385,franklin-phillip2142@outlook.com,Umbria,30,nero,nEssuna
Wallace,Fowler,(882) 864-1038,w.fowler858@outlook.ca,Lombardia,49,viola,capOdanno
Adara,Ortega,1-412-544-3327,ortega.adara@icloud.couk,Basilicata,44,rosa,NatalE
Kelsey,Becker,(677) 335-3848,kelsey-becker@icloud.ca,Umbria,43,verde,Pasqua
Louis,Copeland,(157) 334-7155,louis-copeland4604@outlook.com,Friuli-Venezia Giulia,43,nero,pasqueTTa
Xander,Perkins,(546) 881-2875,perkins.xander@google.ca,Veneto,35,rosso,capOdanno
Nash,Delgado,(828) 588-7333,nash_delgado@outlook.net,Molise,34,nero,pasqueTTa
Kristen,Porter,1-522-184-4733,p-kristen@hotmail.net,Emilia-Romagna,25,viola,pasqueTTa
Shad,Peterson,1-744-238-4509,s-peterson8067@aol.edu,Sardegna,27,rosso,nEssuna
Giselle,Solis,1-233-418-7377,g_solis@aol.edu,Abruzzo,27,grigio,NatalE
Silas,Mcintosh,(481) 731-2782,smcintosh@outlook.ca,Calabria,26,rosa,pasqueTTa
Odysseus,Gilmore,1-867-211-2158,ogilmore@google.net,Marche,25,rosa,NatalE
Iris,James,(978) 350-1634,iris_james1378@google.couk,Marche,48,verde,Pasqua
Kylie,Holmes,(690) 657-3713,kylie_holmes9359@yahoo.ca,Sicilia,46,giallo,capOdanno
Laurel,Hendricks,(336) 122-5494,l_hendricks9029@outlook.net,Puglia,33,giallo,pasqueTTa
Henry,Willis,(618) 391-7582,willis.henry@google.ca,Valle d'Aosta,32,rosso,Pasqua
Hedley,Aguilar,1-648-880-3321,a-hedley8587@google.org,Friuli-Venezia Giulia,28,rosa,capOdanno
Elvis,Jones,(467) 219-1795,elvis-jones8859@outlook.couk,Puglia,37,verde,capOdanno
Yuli,Talley,(454) 926-8260,y.talley7890@icloud.net,Friuli-Venezia Giulia,31,nero,NatalE
Ruby,Mejia,(210) 511-5386,mejiaruby@outlook.com,Sicilia,45,giallo,capOdanno
Dolan,Woods,(359) 788-1552,d.woods9961@icloud.com,Toscana,37,rosso,pasqueTTa
Kato,Crosby,(667) 272-0272,crosbykato9913@icloud.org,Piemonte,38,grigio,nEssuna
Geoffrey,Casey,(316) 746-4788,gcasey5839@hotmail.org,Calabria,39,giallo,Pasqua
David,Irwin,(948) 739-8212,dirwin@hotmail.couk,Veneto,39,viola,NatalE
Brittany,Witt,(591) 951-6832,w.brittany@google.com,Lombardia,34,verde,nEssuna
Eleanor,Robertson,(225) 471-7274,e.robertson7040@protonmail.ca,Lazio,40,rosa,NatalE
Kaitlin,Talley,1-443-306-9085,talley.kaitlin@outlook.edu,Toscana,45,verde,Pasqua
Rosalyn,Ratliff,(455) 681-1426,r-rosalyn5236@aol.edu,Puglia,50,rosso,pasqueTTa
Magee,Love,(461) 210-0367,magee-love@google.org,Toscana,29,nero,pasqueTTa
Keefe,Holder,1-371-732-4436,k.holder3668@hotmail.org,Marche,32,arancione,capOdanno
Jameson,Warner,(238) 773-8882,jameson_warner5328@protonmail.com,Calabria,44,rosso,NatalE
Eugenia,Mclean,(666) 570-8456,m-eugenia9875@icloud.net,Valle d'Aosta,21,grigio,capOdanno
Judah,Alvarez,(259) 405-1717,j-alvarez5889@outlook.net,Umbria,39,arancione,NatalE
Ivor,Zimmerman,1-241-743-7771,zimmerman.ivor@hotmail.net,Calabria,33,verde,NatalE
Jeremy,Whitehead,(586) 564-5353,j-whitehead@google.org,Piemonte,24,arancione,Pasqua
Francesca,Larson,1-191-969-6408,f.larson@hotmail.com,Campania,19,verde,pasqueTTa
August,Clarke,(831) 780-2177,clarkeaugust4687@outlook.net,Liguria,33,verde,capOdanno
Chester,Klein,1-753-673-4317,c_klein668@yahoo.com,Puglia,39,arancione,Pasqua
Jaquelyn,Suarez,1-924-647-4386,j.suarez377@yahoo.couk,Veneto,43,blu,capOdanno
Tasha,Palmer,(771) 888-6575,tasha-palmer4083@google.com,Emilia-Romagna,28,verde,Pasqua
Knox,Parker,1-813-290-3294,kparker2968@outlook.edu,Calabria,37,giallo,Pasqua
Walter,Underwood,(453) 386-3402,walterunderwood@outlook.org,Lazio,29,viola,capOdanno
Eagan,Blair,(726) 456-8799,blair_eagan5777@hotmail.couk,Veneto,47,viola,nEssuna
Nerea,Ruiz,1-651-135-7553,nruiz1315@outlook.edu,Abruzzo,23,giallo,Pasqua
Mona,Mcmahon,1-224-535-4016,mmcmahon@outlook.couk,Lombardia,20,rosso,Pasqua
Isaiah,Gonzalez,(256) 233-8969,isaiah_gonzalez@hotmail.org,Umbria,32,arancione,Pasqua
Amity,Valentine,(551) 839-9412,valentine.amity4824@protonmail.org,Lombardia,22,blu,NatalE
Jeanette,Sanford,(546) 796-6587,j_sanford@yahoo.com,Piemonte,41,grigio,capOdanno
Yoshio,Byrd,1-959-402-9851,byoshio@google.com,Molise,20,verde,NatalE
Katell,Hobbs,(877) 338-5731,khobbs3835@icloud.com,Sardegna,36,verde,NatalE
Driscoll,Vazquez,(665) 815-1572,driscoll-vazquez7897@yahoo.org,Puglia,26,rosa,Pasqua
Talon,Thornton,(780) 539-8341,t_talon@hotmail.ca,Veneto,25,marrone,Pasqua
Charles,Perry,1-566-283-9508,p_charles@google.ca,Molise,39,marrone,capOdanno
Joy,Carlson,(619) 401-3455,j_carlson@aol.ca,Umbria,35,verde,pasqueTTa
Sylvia,Hughes,1-356-268-4757,h_sylvia@aol.couk,Campania,21,viola,NatalE
Amos,Fox,1-752-871-7896,a_fox3049@hotmail.com,Lombardia,23,rosso,Pasqua
Gil,Holland,(364) 378-2746,gil_holland9302@yahoo.edu,Trentino-Alto Adige,27,arancione,Pasqua
Hannah,Donaldson,(787) 124-1168,hdonaldson@yahoo.edu,Puglia,41,viola,nEssuna
Savannah,Thompson,(447) 641-3927,s.thompson6418@hotmail.edu,Sardegna,25,verde,capOdanno
Reuben,Daniel,(494) 519-6188,daniel.reuben@aol.edu,Valle d'Aosta,25,rosa,pasqueTTa
Aline,Everett,1-783-788-6372,aline.everett@hotmail.net,Lazio,21,giallo,pasqueTTa
Laura,Doyle,1-303-202-3393,doyle.laura@protonmail.edu,Marche,40,rosa,NatalE
Finn,Byrd,(296) 451-3332,finn_byrd@icloud.edu,Campania,41,nero,Pasqua
Cain,Russo,1-208-712-2682,cainrusso8776@protonmail.net,Molise,29,viola,nEssuna
Damon,Delaney,1-362-646-2930,delaney.damon@aol.ca,Abruzzo,45,nero,pasqueTTa
Jack,Castro,1-755-215-7824,jack.castro@aol.com,Emilia-Romagna,28,rosa,pasqueTTa
Maggy,Gray,1-545-815-8562,m-gray2211@protonmail.org,Trentino-Alto Adige,36,blu,nEssuna
Desirae,Drake,1-530-758-7122,desirae.drake@icloud.ca,Puglia,24,blu,pasqueTTa
Catherine,Clemons,(316) 273-3828,catherine_clemons3957@icloud.org,Piemonte,21,verde,Pasqua
Rafael,Mills,1-376-249-9334,rmills@hotmail.com,Valle d'Aosta,46,nero,Pasqua
Chester,Lopez,1-116-786-3307,lopez-chester@google.com,Calabria,46,giallo,Pasqua
Shaine,Meyer,(282) 523-1132,meyershaine@protonmail.edu,Calabria,26,giallo,capOdanno
Pascale,Morse,(448) 318-4612,morse_pascale@google.org,Marche,28,rosso,NatalE
Cherokee,Reyes,1-343-493-4776,reyes_cherokee2604@hotmail.couk,Trentino-Alto Adige,22,rosso,pasqueTTa
Tyler,Clarke,(873) 349-4410,t_clarke782@aol.ca,Sicilia,28,arancione,Pasqua
Giselle,Gentry,1-851-337-0902,g_gentry@aol.ca,Veneto,29,rosa,pasqueTTa
Dorian,Horn,1-434-462-0242,hdorian5842@yahoo.org,Sardegna,35,verde,NatalE
Katelyn,Cain,(650) 428-7616,cain-katelyn8211@icloud.couk,Sicilia,35,viola,capOdanno
Quon,Mendoza,1-914-351-5644,quon.mendoza7160@icloud.edu,Veneto,29,blu,pasqueTTa
Valentine,Barker,(357) 833-9113,v_barker2069@hotmail.couk,Piemonte,45,arancione,Pasqua
Hedwig,Le,1-281-357-3826,lehedwig7247@outlook.couk,Toscana,33,grigio,pasqueTTa
Mechelle,Joseph,(302) 302-8991,joseph-mechelle@yahoo.org,Emilia-Romagna,47,nero,capOdanno
Stephen,Swanson,1-647-256-3176,s_swanson@outlook.edu,Lazio,24,nero,capOdanno
Reese,Kirk,(304) 405-2046,r.kirk2696@outlook.net,Puglia,35,grigio,capOdanno
Mercedes,Burke,(493) 598-5403,mercedes_burke1467@aol.couk,Sardegna,33,viola,Pasqua
Kato,Lawson,1-893-609-2871,lawson.kato5324@protonmail.net,Basilicata,22,marrone,capOdanno
Angela,Barlow,(622) 761-7587,barlow.angela7511@aol.couk,Marche,32,grigio,pasqueTTa
Joel,Roman,(163) 304-5643,j_roman2724@protonmail.edu,Lazio,34,giallo,nEssuna
Brenda,Burgess,(486) 113-2753,bbrenda@protonmail.ca,Marche,25,giallo,pasqueTTa
Florence,Rocha,1-143-310-7436,florencerocha3849@outlook.com,Marche,29,verde,Pasqua
Jelani,Barron,(785) 235-1057,barron.jelani1057@google.couk,Lazio,36,nero,nEssuna
September,Hall,(764) 201-5919,hall-september@aol.edu,Lazio,28,viola,pasqueTTa
Laith,Wright,1-676-557-2479,w.laith4317@aol.com,Veneto,28,viola,Pasqua
Jack,Larson,1-492-633-4585,larsonjack9287@icloud.net,Piemonte,43,viola,nEssuna
Cleo,Duke,(752) 522-8866,cduke9930@protonmail.couk,Friuli-Venezia Giulia,29,giallo,Pasqua
Astra,Park,1-621-910-2638,apark@aol.org,Piemonte,48,marrone,capOdanno
Flavia,Trevino,(987) 288-5125,tflavia8914@aol.edu,Sardegna,36,marrone,Pasqua
Len,Weeks,(639) 817-5417,weeks-len@icloud.ca,Umbria,31,grigio,pasqueTTa
